title,link,bias
Tourists tricked by fake Royal Christmas market,https://ground.news/article/tourists-tricked-by-fake-royal-christmas-market,48% of the sources are Center
Asian Stocks Rise as US Rate Hopes Soothe Nerves After Torrid Week,https://ground.news/article/week-ahead-will-renewed-speculation-of-fed-cut-next-month-cap-the-greenback,"47% of the sources are Center,47% of the sources lean Right"
iOS 27 Could Mark Apple’s Biggest Software Revamp as It Builds New AI to Challenge ChatGPT: Report,https://ground.news/article/apple-to-focus-on-quality-and-underlying-performance-with-ios-27-next-year-report,"38% of the sources lean Left,37% of the sources are Center"
Lutnick Family Firms Profit from Data Center Deals He Promotes,https://ground.news/article/howard-lutnicks-family-business-is-cashing-in-on-data-center-deals,63% of the sources lean Left
"AI is too risky to insure, say people whose job is insuring risk",https://ground.news/article/ai-is-too-risky-to-insure-say-people-whose-job-is-insuring-risk,50% of the sources are Center
"The Kid Whisperer: How Teachers Can Be Simultaneously Weird, Uncool and Effective",https://ground.news/article/mark-cuban-says-ai-skilled-kids-will-be-best-equipped-to-lead-teachers-agree-but-fear-critical-thinking-could-decline,72% of the sources are Center
Team Akhanda 2 Met Uttar Pradesh Cm Yogi Adityanath,https://ground.news/article/bhagavad-gita-is-true-inspiration-of-dharma-and-indias-guiding-philosophy-says-uttar-pradesh-cm-yogi-adityanath-at-divya-geeta-prerna-utsav,100% of the sources lean Right
Money Talks With Simon Angelo: The AI Job Squeeze,https://ground.news/article/money-talks-with-simon-angelo-the-ai-job-squeeze,100% of the sources lean Left
Deutsche Bank’s AI Warning: Boom or Bust for the U.S. Economy?,https://ground.news/article/ai-boom-in-the-usa-why-germany-is-being-abandoned-in-economic-growth,
ChatGPT told them they were special — their families say it led to tragedy,https://ground.news/article/chatgpt-told-them-they-were-special-their-families-say-it-led-to-tragedy,100% of the sources are Center
These 7 AI Models Just Overtook ChatGPT in a New Study — and the List May Surprise You,https://ground.news/article/these-7-ai-chatbots-are-better-than-chatgpt-according-to-users,"50% of the sources lean Left,50% of the sources are Center"
Why some people are treating ChatGPT like a God – and what that means for the future of faith,https://ground.news/article/why-some-people-are-treating-chatgpt-like-a-god-and-what-that-means-for-the-future-of-faith,67% of the sources lean Right
"‘Knowledge, Science Gain True Meaning when Paired with Humanity’",https://ground.news/article/elon-envisions-grokipedia-as-humanitys-cosmic-knowledge-vault,"50% of the sources lean Left,50% of the sources lean Right"
Putin Confirms New National AI Initiative with LLMs and AI Tech on the Way,https://ground.news/article/did-an-ai-war-just-get-one-step-closer-putin-confirms-russia-is-planning-its-own-national-ai-taskforce,100% of the sources are Center
Want to Get More Money From Data Centers,https://ground.news/article/want-to-get-more-money-from-data-centers,
‘Think Before You Click’ Black Friday Advice From Humberside Police,https://ground.news/article/think-before-you-click-safety-advice-from-humberside-police-ahead-of-black-friday-and-cyber-monday-sales-grimsby-live,67% of the sources are Center
College Students Furious When Their Course Is Taught by AI Instead of a Professor,https://ground.news/article/college-students-furious-when-their-course-is-taught-by-ai-instead-of-a-professor,"50% of the sources lean Left,50% of the sources lean Right"
iOS 27 Could Mark Apple’s Biggest Software Revamp as It Builds New AI to Challenge ChatGPT: Report,https://ground.news/article/apple-to-focus-on-quality-and-underlying-performance-with-ios-27-next-year-report,"38% of the sources lean Left,37% of the sources are Center"
Nothing OS 4.0 Debuts Android 16 on Phone 3 with AI and Glyph Upgrades,https://ground.news/article/nothing-os-40-has-arrived-what-brings-you-back,100% of the sources lean Right
"Mashable: Grokipedia Sourcing Info From the Internet’s Biggest Neo-Nazi Forum, Researchers Say",https://ground.news/article/grok-the-ai-of-elon-musk-in-torment-after-anti-semitic-remarks,100% of the sources are Center
New partnership aims to unlock potential of AI to help charities,https://ground.news/article/new-partnership-aims-to-unlock-potential-of-ai-to-help-charities,100% of the sources are Center
"Harmonizing AI innovation with cost, risk & ROI",https://ground.news/article/harmonizing-ai-innovation-with-cost-risk-and-roi,100% of the sources are Center
"Governments must tackle job concerns amid global AI excitement, investments: PM Wong",https://ground.news/article/governments-must-tackle-job-concerns-amid-global-ai-excitement-investments-pm-wong,"50% of the sources are Center,50% of the sources lean Right"
"""You Can Buy Votes for 20,000 in the Morning, and 70,000 in the Evening"" - Election Fraud for the Sake of Democracy",https://ground.news/article/you-can-buy-votes-for-20-000-in-the-morning-and-70-000-in-the-evening-election-fraud-for-the-sake-of-democracy,
FCA consumer chief Mills to leave City watchdog,https://ground.news/article/fca-consumer-chief-mills-to-leave-city-watchdog,100% of the sources are Center
Is the US Homeland Security X Account Based in Israel?,https://ground.news/article/us-homeland-security-twitter-account-seemingly-run-from-israel,67% of the sources lean Left
Stocks Rise as US Rate Hopes Soothe Nerves After Torrid Week,https://ground.news/article/week-ahead-will-renewed-speculation-of-fed-cut-next-month-cap-the-greenback,"47% of the sources are Center,47% of the sources lean Right"
Napster Said It Raised $3 Billion From A Mystery Investor. Now The ‘Investor’ And ‘Money’ Are Gone,https://ground.news/article/napster-said-it-raised-3-billion-from-a-mystery-investor-now-the-investor-and-money-is-gone,100% of the sources are Center
Saudi Foreign Minister Calls for Fair Access to Critical Minerals and Responsible AI at G20 Summit,https://ground.news/article/g20-lula-defends-sovereign-government-in-critical-minerals-and-ia-young-pan,"50% of the sources lean Left,50% of the sources lean Right"
Need Global Compact on AI to Prevent Its Misuse: PM Modi at G20,https://ground.news/article/ai-must-translate-into-global-good-pm-modi,"50% of the sources lean Left,50% of the sources lean Right"
'We Did Our Part': Chief Justice Puts Creamy Layer Ball In Centre's Court,https://ground.news/article/we-did-our-part-chief-justice-puts-creamy-layer-ball-in-centres-court,100% of the sources lean Right
"First look at 2026-27 budget: Schools, community colleges are fine",https://ground.news/article/first-look-at-2026-27-budget-schools-community-colleges-are-fine,100% of the sources are Center
"5 Forces Sinking Stocks: AI Capex, Fed Doubts, Recession Risk",https://ground.news/article/analysis-investors-eye-holiday-season-turbulence-amid-ai-and-rate-cut-doubts,100% of the sources are Center
Millions Of Americans Carry More Credit Card Debt Than Emergency Savings,https://ground.news/article/veteran-investor-tom-russo-says-resilience-is-key-to-success-and-credit-card-debt-and-gambling-can-hold-people-back,"50% of the sources lean Left,50% of the sources are Center"
India Advocates for Human-Centered Technologies,https://ground.news/article/artificial-intelligence-is-a-motor-for-collective-well-being,"50% of the sources lean Left,50% of the sources lean Right"
"Japan Woman Marries AI Partner, Wears Augmented Reality Glasses for Ring Exchange",https://ground.news/article/after-a-breakup-a-japanese-woman-marries-an-avatar-she-created-on-chatgpt,100% of the sources are Center
"Florentino Draws the Line with Barcelona: ""Who Is Going to Forget the Negreira Case?""",https://ground.news/article/florentino-attacks-barca-they-paid-more-than-eight-million-to-negreira,"34% of the sources lean Left,33% of the sources are Center,33% of the sources lean Right"
"Turkish president attends G20 session on critical minerals, AI",https://ground.news/article/turkish-president-attends-g20-session-on-critical-minerals-ai,100% of the sources lean Right
Sudan Army Chief Rejects Truce Proposal Citing UAE Role,https://ground.news/article/uae-unveils-1bn-africa-ai-push-amid-backlash-over-backing-militants-in-sudan,"50% of the sources lean Left,50% of the sources lean Right"
Kingdee is ranked in IDC's Asia-Pacific AI-ERP MarketScape,https://ground.news/article/kingdee-is-ranked-in-idcs-asia-pacific-ai-erp-marketscape,100% of the sources are Center
"In the AI Race, Chinese Talent Still Drives American Research",https://ground.news/article/university-of-washington-receives-millions-of-dollars-in-donations-for-ai-project-university-of-washington-artificial-intelligence-research,100% of the sources lean Right
"As Google Eyes Exponential Surge in Serving Capacity, Analyst Says We're Entering 'Stage Two of AI' Where Bottlenecks Are Physical Constraints",https://ground.news/article/as-google-eyes-exponential-surge-in-serving-capacity-analyst-says-were-entering-stage-two-of-ai-where-bottlenecks-are-physical-constraints,"50% of the sources lean Left,50% of the sources are Center"
What Happens when OpenAI Tweaks ChatGPT’s Personality,https://ground.news/article/how-openais-changes-sent-some-users-spiraling-software-unplugged,100% of the sources lean Right
Cardano Network Splits After Software Exploit Triggers Fork,https://ground.news/article/what-happened-after-cardano-was-taken-down-by-a-kid-mapping-investor-confidence,
Girona Cools the Party of Betis,https://ground.news/article/miss-universe-fatima-bosch-commented-on-her-controversial-victory-for-the-first-time,
President Trump Halts Push to Block State-Level AI Regulations,https://ground.news/article/white-house-seems-to-stop-pushing-for-the-elimination-of-federal-ai-laws,
Humanoid robot A2 achieves record-breaking 106 kilometer walk,https://ground.news/article/humanoid-robot-a2-achieves-record-breaking-106-kilometer-walk,
DDR5 Breakthrough: CXMT Showcases 8000Mbps Memory at IC China 2025,https://ground.news/article/cxmt-debuts-its-domestically-produced-ddr5-memory-8000-mt-s-ddr5-and-10667-mt-s-lp5x-for-servers-desktops-and-laptops,
"Gaming Exec Says That ""Gen Z Loves AI Slop""",https://ground.news/article/gen-z-loves-ai-slop-according-to-former-square-enix-executive,100% of the sources lean Left
Tykhe Capital and Skyvast are Launching the World’s First and Largest Global Grade AI Infrastructure Tokenized Fund at US$150M,https://ground.news/article/tykhe-capital-and-skyvast-are-launching-the-worlds-first-and-largest-global-grade-ai-infrastructure-tokenized-fund-at-us150m,67% of the sources are Center
Do We Lose Faith in Progress? (3 Articles),https://ground.news/article/artificial-intelligence-too-good-to-be-true,100% of the sources lean Left
"Yale Expert Raises Antitrust Concerns Over OpenAI, SoftBank, Oracle's $500 Billion Stargate Project: Report - Oracle (NYSE:ORCL)",https://ground.news/article/ai-rivals-like-openai-nvidia-and-oracle-are-collaborating-to-build-stargatebut-a-yale-expert-says-it-violates-135-years-of-antitrust-law,100% of the sources are Center
"Major Internet Outages Growing, May Get Worse",https://ground.news/article/serious-internet-disruptions-continue-and-could-worsen,100% of the sources lean Right
Prediction: 2 Artificial Intelligence (AI) Stocks Will Be Worth More Than Palantir Technologies in 3 Years,https://ground.news/article/prediction-2-artificial-intelligence-ai-stocks-will-be-worth-more-than-palantir-technologies-in-3-years,100% of the sources lean Left
The Operational Backbone of Modern Organisations Is Being Reimagine,https://ground.news/article/ai-is-helping-us-reimagine-black-friday,
What You Need to Know About the AI Bubble – and How It Will Pop,https://ground.news/article/artificial-intelligence-if-the-bubble-bursts-it-could-lead-to-a-global-recession,
"Google’s Nano Banana Pro solves math problem in student's handwriting; 'major challenge' for schools, say netizens",https://ground.news/article/googles-nano-banana-pro-solves-math-problem-in-students-handwriting-major-challenge-for-schools-say-netizens,"50% of the sources lean Left,50% of the sources are Center"
"Strict Anti-Hacking Prompts Make AI Models More Likely to Sabotage and Lie, Anthropic Finds",https://ground.news/article/showing-ai-models-how-to-cheat-in-one-task-causes-them-to-cheat-in-others-shows-anthropic-study,
Tourists tricked by fake Royal Christmas market,https://ground.news/article/tourists-tricked-by-fake-royal-christmas-market,48% of the sources are Center
Explainer: China moves forward with its “AI Plus” initiative,https://ground.news/article/explainer-china-moves-forward-with-its-ai-plus-initiative,
The Craziest Technology of 2025: Headphones that Translate Real-Time Conversations and Function Like Bluetooth Helmets,https://ground.news/article/nolan-x-904-uc-intelligent-helmet-with-quin-technology-presented,
"Over 1,800 engineers hit by Amazon's record layoffs that were ‘not driven by AI’",https://ground.news/article/over-1-800-engineers-hit-by-amazons-record-layoffs-that-were-not-driven-by-ai,
'This Will Make You Richer': Rich Dad Poor Dad Author Bets On Silver Amid 2025 Market Crash—Here's Why,https://ground.news/article/this-will-make-you-richer-rich-dad-poor-dad-author-bets-on-silver-amid-2025-market-crashheres-why,
Sam Altman's Eyeball-Scanning Orb Startup Made a Cult-Like Demand of Its Employees,https://ground.news/article/orb-sam-altmans-startup-dedicated-to-eye-scanning-wants-to-reach-one-billion-users-it-still-has-more-than-98-to-achieve-it,100% of the sources lean Left
AI Analysis Links Santorini Earthquake Swarm to Deep Magma Movement,https://ground.news/article/what-happened-under-santorini-during-the-thousands-of-cuts-in-january-the-magma-that-moved-could-fill-200-000-stadiums,100% of the sources are Center
Foxconn and OpenAI Strike Deal to Co-Develop Next-Gen AI Hardware in the US · TechNode,https://ground.news/article/taiwans-foxconn-expands-ai-push-with-openai-deal,100% of the sources are Center
Thousands of Fake Phishing Websites Created by Ai Have Appeared on the Internet | českénoviny.cz,https://ground.news/article/thousands-of-fake-phishing-websites-created-by-ai-have-appeared-on-the-internet-ceskenovinycz,
"Techrights — What Buzzwords or Catchphrases Come After ""AI"" and ""Quantum""?",https://ground.news/article/india-is-not-a-closed-economy-meity-secretary-s-krishnan-outlines-indias-dual-ai-strategy-on-startup-policy-forum-podcast,100% of the sources lean Left
When Will the Bubble Pop?,https://ground.news/article/the-ai-bubble-waiting-for-the-bang-that-may-not-be-coming-by-a-long-way,100% of the sources lean Right
5 Mini-Bubbles Are Already Popping. Here’s What to Watch Next,https://ground.news/article/from-the-train-to-artificial-intelligence-tim-harford-explains-how-bubbles-have-changed,100% of the sources lean Right
TikTok boss insists teens' safety not at risk from AI moderation,https://ground.news/article/tiktok-boss-insists-teens-safety-not-at-risk-from-ai-moderation,100% of the sources are Center
Google Denies Analyzing Your Emails for AI Training - Here's What Happened,https://ground.news/article/google-executive-issues-dire-warning-about-future-of-ai-no-company-is-going-to-be-immune,"50% of the sources lean Left,50% of the sources are Center"
"Polls were rigged, but have no proof: Prashant Kishor opens up on Bihar rout",https://ground.news/article/polls-were-rigged-but-have-no-proof-prashant-kishor-opens-up-on-bihar-rout,100% of the sources lean Right
Fans Protest - Politics Wrestles Around Tougher Stadium Rules,https://ground.news/article/fans-protest-politics-wrestles-around-tougher-stadium-rules,100% of the sources are Center
OCBC Pushes Ahead on Anti-Fraud Strategy,https://ground.news/article/tax-fraud-goes-from-2026-to-the-collar,100% of the sources lean Right
Controversy Erupts Over Trinamool MLA Humayun Kabir's 'Babri Masjid' Remark,https://ground.news/article/controversy-erupts-over-trinamool-mla-humayun-kabirs-babri-masjid-remark,100% of the sources lean Right
AI isn’t an upgrade - it’s the new payments playbook,https://ground.news/article/ai-isnt-an-upgrade-its-the-new-payments-playbook,
"G20 Condemns Terror in All Its Forms, Seeks UNSC Revamp",https://ground.news/article/g20-declaration-condemns-terrorism-in-all-forms-advances-global-south-agenda,67% of the sources lean Right
Why Nvidia Could Be a Bigger Winner in Quantum Computing Than You Might Think,https://ground.news/article/nvidia-pushes-quantum-computing-toward-2027-breakthrough,100% of the sources lean Left
G20 Summit: Modi Calls for Developing Global Framework for Talent Mobility,https://ground.news/article/breaking-news-live-updates-need-global-compact-on-ai-to-prevent-misuse-says-pm-modi-at-g20-session-3,"38% of the sources lean Left,37% of the sources lean Right"
Karnataka's Political Chess: Siddaramaiah Holds Fort Amid Leadership Rumors,https://ground.news/article/amid-the-political-turmoil-in-karnataka-cm-siddaramaiah-met-kharge-and-said-everyone-will-have-to-accept-the-decision,72% of the sources lean Right
Automated MRI System Revolutionizes Prostate Cancer Detection,https://ground.news/article/noosa-radiology-welcomes-prostate-cancer-imaging-expert,
Global Leaders Unite at G20: Carney and Merz Call for Ukraine Support and Gaza Aid,https://ground.news/article/canada-pm-and-german-chancellor-merz-discuss-ukraine-gaza-on-g20-sidelines,38% of the sources lean Left
"AI-Powered Teddy Bear Gives Sex Advice for Kids, How to Find Knives, Sparking Fuss",https://ground.news/article/removed-from-the-market-teddy-bear-with-ai-who-talked-about-sexuality-to-children,100% of the sources lean Right
Should You Buy Nvidia Stock After the Company's Blowout Earnings Report? Here's What History Says.,https://ground.news/article/should-you-buy-nvidia-stock-after-the-companys-blowout-earnings-report-heres-what-history-says,100% of the sources lean Left
"For all the hype, AI isn’t transforming our economy in a hurry",https://ground.news/article/for-all-the-hype-ai-isnt-transforming-our-economy-in-a-hurry,67% of the sources lean Left
Analyst Who Called the Dot-Com Bubble Says Americans Are Turning a Deaf Ear to AI Warnings—and a Worse Meltdown than 2008 Looms,https://ground.news/article/ron-paul-warns-the-feds-fantasy-money-is-fueling-the-ai-bubble,"50% of the sources lean Left,50% of the sources are Center"
How 'Frankenstein' was turned into a woke parable — and missed the real horror,https://ground.news/article/how-frankenstein-was-turned-into-a-woke-parable-and-missed-the-real-horror,100% of the sources lean Right
Do Texas Abortion Laws Violate the US Constitution's Commerce Clause? Updated AI Weighs In!,https://ground.news/article/ai-chatbots-give-harmful-advice-to-users-seeking-to-reverse-an-abortion,100% of the sources lean Left
Trump administration might not fight state AI regulations after all,https://ground.news/article/trump-administration-might-not-fight-state-ai-regulations-after-all,75% of the sources lean Left
GOD-TIER AI? Why there's no easy exit from the human condition,https://ground.news/article/god-tier-ai-why-theres-no-easy-exit-from-the-human-condition,100% of the sources lean Right
'I Own My Face': AI Deepfake Victims May Be Able to Sue,https://ground.news/article/washingtons-aesthetic-surgeons-are-injured-by-customers-who-ask-them-to-make-the-mar-a-lago-face-youll-look-like-maleficent,"50% of the sources lean Left,50% of the sources lean Right"
Video Fake Generated by Ai: a Jandarm Promotes Călin Georgescu.,https://ground.news/article/video-fake-generated-by-ai-a-jandarm-promotes-calin-georgescu,100% of the sources are Center
An Accident Causes Significant Congestion on Highway 20 in Sainte-Julie,https://ground.news/article/an-accident-created-congestion-on-highway-20-in-sainte-julie,100% of the sources lean Left
A World Bank Expert Thinks Countries Should Leverage ‘Small AI’—and Avoid Competing with the Biggest Tech Giants,https://ground.news/article/mckinsey-bcg-and-deloittes-new-competition-is-small-fast-and-driven-by-ai_9a9f18,"50% of the sources lean Left,50% of the sources are Center"
"Resetting GPU depreciation: Why AI factories bend, but don’t break, useful life assumptions",https://ground.news/article/resetting-gpu-depreciation-why-ai-factories-bend-but-dont-break-useful-life-assumptions,
Reducing Case Backlog Will Be My Priority as CJI: Justice Surya Kant,https://ground.news/article/cji-designate-justice-surya-kant-vows-to-tackle-backlog-of-5-crore-cases,100% of the sources lean Left
Amnesty International Slams FG over School Attacks in Nigeria,https://ground.news/article/nigeria-failing-children-amnesty-international-condemns-government-over-rising-school-abductions,100% of the sources are Center
"Mexico and the European Union Strengthen Scientific Cooperation: Announces Agenda in Ai, Supercomputing and Climate Change",https://ground.news/article/latin-america-and-the-european-union-join-forces-to-strengthen-science-and-technology-secihti-go-for-ai,
Cardano (ADA) News: Network Splits in Two as Attacker Uses AI-Generated Script to Exploit Bug,https://ground.news/article/cardano-fbi-after-the-network-attack-charles-hoskinson-furious-cryptocurrency-cardano-feed,100% of the sources are Center
Windows Users Furious at Microsoft’s Plan to Turn It Into an “Agentic OS”,https://ground.news/article/microsoft-makes-the-community-angry-by-branding-cynics-to-those-who-dont-want-ai-on-windows-11,"50% of the sources lean Left,50% of the sources lean Right"
Ensuring Trust In the Age of AI,https://ground.news/article/web3-instead-of-black-box-how-blockchain-should-secure-trust-in-ai,
Inside the AI Bubble,https://ground.news/article/ai-bubble-nvidia-ceo-says-3-things-are-happening,"50% of the sources lean Left,50% of the sources lean Right"
OpenAI's Fast Rise Forced Google to Reinvent Itself — and Its Response Could Reshape the Web,https://ground.news/article/did-google-just-kill-openai,"50% of the sources lean Left,50% of the sources lean Right"
Xinhua Headlines: G20 makes historic Africa debut as Global South urges fairer global governance,https://ground.news/article/xinhua-headlines-g20-makes-historic-africa-debut-as-global-south-urges-fairer-global-governance,100% of the sources lean Right
UAE Announces $1b AI Investment in Africa,https://ground.news/article/joburg-commuters-grapple-with-travel-chaos-amid-g20-summit-sabc-news-breaking-news-special-reports-world-business-sport-coverage-of-all_c6c87b,50% of the sources lean Left
ModuleMD Showcases Advanced AI-Driven Allergy Solutions at ACAAI 2025,https://ground.news/article/modulemd-showcases-advanced-ai-driven-allergy-solutions-at-acaai-2025,74% of the sources are Center
Cracked AI Hacking Tools Expected to Fuel Cyberattacks in 2026,https://ground.news/article/cracked-ai-hacking-tools-expected-to-fuel-cyberattacks-in-2026_9516a2,100% of the sources are Center
"Elon Musk Announces the End of 9-To-5 Jobs, and Reveals What’s Replacing Them",https://ground.news/article/ai-puts-an-end-to-poverty-and-the-need-for-human-work-says-elon-musk,
"After Delhi Blast, Kashmiris Face a Wave of Suspicion",https://ground.news/article/up-police-ats-probe-two-missing-kashmiri-iit-kanpur-phd-students-amid-red-fort-blast-investigation,67% of the sources lean Left
Elon Musk Predicts AI Will Make Work Optional in 10-20 Years,https://ground.news/article/elon-musk-predicts-ai-will-make-work-optional-in-10-20-years,
"PM Modi Holds Talks with South African President Ramaphosa, Discusses Cooperation in Trade, Critical Minerals",https://ground.news/article/indias-g20-push-pm-modi-proposes-africa-skills-plan-and-global-drug-terror-nexus-fight,75% of the sources lean Right
"AI Model Learns to Predict Human Gait for Smarter, Pre-Trained Exoskeleton Control",https://ground.news/article/ai-model-learns-to-predict-human-gait-for-smarter-pre-trained-exoskeleton-control,
New Subsea Cable to Boost Pak Bandwidth,https://ground.news/article/pakistan-activates-new-sea-me-we-6-submarine-cable-to-supercharge-global-internet-connectivity,50% of the sources lean Right
Malaysia Turns Palm Oil Plantations into AI Data Centers and Solar Farms,https://ground.news/article/malaysia-turns-palm-oil-plantations-into-ai-data-centers-and-solar-farms,100% of the sources lean Right
"Carney Signs Onto AI and Technology Partnership with India, Australia",https://ground.news/article/australia-canada-india-technology-and-innovation-partnership-to-deepen-collaboration-pm-modi,65% of the sources lean Left
AI Reveals Milky Way’s Black Hole Spins Near Top Speed,https://ground.news/article/ai-cracks-galaxy-simulation_5fa77d,67% of the sources are Center
"Integrate Service with Professional Excellence, Vice-President Exhorts Students",https://ground.news/article/india-will-become-worlds-no-1-economy-by-2047-says-cm-naidu,67% of the sources lean Left
Prediction: These Stocks Will Join the $3 Trillion Club in 3 Years,https://ground.news/article/the-cracks-emerging-in-a-3-trillion-market-and-what-we-can-learn-from-it,100% of the sources lean Left
G20 South Africa Summit: Adopted Leaders' Declaration Strongly Reflects India's Priorities,https://ground.news/article/indias-priorities-shine-through-in-g20-south-africa-leaders-declaration,83% of the sources lean Right
I'm a Phones Expert and These Are My 5 Must-Have Apps for iPhone and Android,https://ground.news/article/google-play-store-top-free-apps-list-chatgpt-story-tv-google-gemini-kuku-tv-and-meesho-among-most-downloaded-play-store-apps-by-android-use,100% of the sources lean Right
Prediction: CoreWeave Stock (CRWV) Will Soar Over the Next 10 Years. Here's 1 Reason Why.,https://ground.news/article/fails-to-keep-coreweave-nebius-and-iren-stock-rally-alive,100% of the sources lean Left
You're Prompting Gemini 3 Wrong According to Google's New User Guide — Here's What to Do Instead,https://ground.news/article/gemini-3-and-the-great-2025-denial-lessons-from-ai-misfires,100% of the sources are Center
Freeze-Loving Batteries: AI Is Taking Us to Mars (and Maybe Saving Electric Cars in Winter) - Economic Scenarios,https://ground.news/article/the-cold-is-not-always-enemy-of-the-electric-car-this-technology-offers-a-real-performance-jump-in-the-batteries,
